id,전기요금(원)
32064,750.7583778972506
32065,750.7583778972506
32066,750.7583778972506
32067,714.1476900466029
32068,691.0301194967085
32069,691.0301194967085
32070,691.0301194967085
32071,694.3983642511466
32072,691.9854309860947
32073,691.9854309860947
32074,691.9854309860947
32075,689.9867980191964
32076,687.5738647541444
32077,687.5738647541444
32078,687.5738647541444
32079,693.3788712043965
32080,695.5913207320398
32081,695.5913207320398
32082,695.5913207320398
32083,678.7790659292436
32084,681.8366307083691
32085,681.8366307083691
32086,681.8366307083691
32087,678.7790659292436
32088,681.8366307083691
32089,681.8366307083691
32090,681.8366307083691
32091,678.7790659292436
32092,681.8366307083691
32093,681.8366307083691
32094,681.8366307083691
32095,532.4745152192838
32096,2419.08395693568
32097,2599.862653682121
32098,2710.417835753971
32099,3135.083849015119
32100,4955.6110131941505
32101,4955.6110131941505
32102,4955.6110131941505
32103,4955.6110131941505
32104,4955.6110131941505
32105,4955.6110131941505
32106,4955.6110131941505
32107,4955.6110131941505
32108,4955.6110131941505
32109,4955.6110131941505
32110,4955.6110131941505
32111,4079.6029553550693
32112,3738.5830019010364
32113,3738.5830019010364
32114,3738.5830019010364
32115,3935.9437469858744
32116,3935.9437469858744
32117,3941.1184898365614
32118,3941.1184898365614
32119,4751.124001215725
32120,4749.971145217706
32121,4749.924670656717
32122,4749.924670656717
32123,4751.124001215725
32124,4749.971145217706
32125,4749.924670656717
32126,4749.924670656717
32127,4773.544133695239
32128,4772.39127769722
32129,4772.344803136231
32130,4772.344803136231
32131,1969.7947208940861
32132,2288.3945418686076
32133,2276.2641127514007
32134,2276.2641127514007
32135,2053.703935296603
32136,2053.703935296603
32137,2047.018621982139
32138,2047.018621982139
32139,2116.7144863326007
32140,2116.7144863326007
32141,2107.099736203865
32142,2107.099736203865
32143,2138.529406103937
32144,1709.3824672705064
32145,1701.2268797281179
32146,1701.2268797281179
32147,1640.949109904996
32148,1500.6825874463718
32149,1285.469978642782
32150,1285.469978642782
32151,794.0398900913101
32152,742.7321685541448
32153,413.80181307380826
32154,413.80181307380826
32155,794.0398900913101
32156,800.4234017130761
32157,782.0417265267345
32158,782.0417265267345
32159,760.0818609011684
32160,807.8056072209531
32161,807.8056072209531
32162,807.8056072209531
32163,730.293881020832
32164,695.303640624444
32165,695.303640624444
32166,695.303640624444
32167,705.8170837886931
32168,692.258539288645
32169,692.258539288645
32170,692.258539288645
32171,705.4631595899647
32172,691.9046150899165
32173,692.2444810399713
32174,692.2444810399713
32175,703.3972156150317
32176,707.0265254131416
32177,707.3663913631964
32178,707.3663913631964
32179,702.5521003635495
32180,707.2730697660743
32181,707.6129357161291
32182,707.6129357161291
32183,702.5521003635495
32184,707.2730697660743
32185,707.6129357161291
32186,707.6129357161291
32187,702.5521003635495
32188,707.2730697660743
32189,707.6129357161291
32190,707.6129357161291
32191,2223.9190618127795
32192,4249.338706542524
32193,8166.626543860234
32194,8277.181725932083
32195,6316.467075692491
32196,5253.828247985718
32197,7571.460017875669
32198,7571.460017875669
32199,1372.9453540888182
32200,1009.7721671684604
32201,1032.8356289499868
32202,1032.8356289499868
32203,1110.8554108018034
32204,892.9310593199382
32205,915.9945211014654
32206,915.9945211014654
32207,1110.8554108018034
32208,1110.0970509594924
32209,1133.1605127410194
32210,1133.1605127410194
32211,1366.8905205182637
32212,1401.1403258374255
32213,1424.2037876189527
32214,1424.2037876189527
32215,1366.8905205182637
32216,1401.1403258374255
32217,1424.2037876189527
32218,1424.2037876189527
32219,1361.3582607178905
32220,1374.8544398857462
32221,1397.917901667273
32222,1363.0104765198932
32223,1370.5548341479312
32224,1365.7585519152947
32225,1388.8220136968216
32226,1353.9145885494418
32227,1294.639310742622
32228,1289.8430285099855
32229,1312.9064902915125
32230,1264.9524426284368
32231,1212.14960319494
32232,1164.9193706533304
32233,1221.8311663565612
32234,1208.6098413054597
32235,1325.9930797582865
32236,1294.7912062864502
32237,1351.703001989681
32238,1338.4816769385795
32239,1421.4236313727133
32240,1365.2377436376537
32241,1388.3012054191806
32242,1366.8347770090188
32243,1419.3982536752155
32244,1363.212365940156
32245,1386.2758277216828
32246,1364.809399311521
32247,966.8057722051066
32248,917.257047590822
32249,921.938834186007
32250,900.4724057758452
32251,775.1031146824953
32252,723.9946435639267
32253,794.4712675968606
32254,794.4712675968606
32255,833.8408574187346
32256,963.9794450003344
32257,963.9794450003344
32258,963.9794450003344
32259,883.4502811665033
32260,859.5260612668759
32261,859.5260612668759
32262,859.5260612668759
32263,858.9734839343646
32264,856.4809599310771
32265,856.4809599310771
32266,856.4809599310771
32267,823.1038792527752
32268,820.6113552494877
32269,820.6113552494877
32270,820.6113552494877
32271,812.7550391263463
32272,810.2625151230588
32273,810.2625151230588
32274,810.2625151230588
32275,811.9099238748641
32276,810.8771102169515
32277,810.8771102169515
32278,810.8771102169515
32279,811.9099238748641
32280,810.8771102169515
32281,810.8771102169515
32282,810.8771102169515
32283,811.9099238748641
32284,810.8771102169515
32285,810.8771102169515
32286,810.8771102169515
32287,2262.8204119290463
32288,4352.570973555297
32289,8269.858810873005
32290,8380.413992944845
32291,6355.368425808756
32292,8184.116287228321
32293,7934.237327061481
32294,7934.237327061481
32295,7876.001938574824
32296,7519.864797121217
32297,7542.928258902743
32298,7542.928258902743
32299,7738.104211688907
32300,7836.437620764017
32301,7859.501082545544
32302,7859.501082545544
32303,7226.570633216192
32304,2633.8881030765574
32305,2348.4349717463083
32306,2348.4349717463083
32307,3539.9883658576537
32308,3893.1070477385474
32309,5700.641934262202
32310,5700.641934262202
32311,7163.978787719614
32312,7489.090237689398
32313,7511.397118926207
32314,7545.592175447974
32315,7163.978787719614
32316,7465.002802572429
32317,7487.309683809238
32318,7486.597315183624
32319,7163.978787719614
32320,7465.002802572429
32321,7487.309683809238
32322,7486.597315183624
32323,7213.56514523759
32324,7192.080208292181
32325,7197.6062690355475
32326,6606.7018065028105
32327,5821.141125340389
32328,5827.874175967038
32329,6392.128577244894
32330,6052.190718119309
32331,6307.201727317997
32332,6313.934777944646
32333,6411.896603406389
32334,6258.392761335583
32335,6371.027918523335
32336,7072.449114499273
32337,7154.834592350929
32338,6991.7077400507915
32339,2708.3319357086457
32340,2405.4634817004694
32341,2019.4078967178025
32342,1997.9414683076407
32343,1584.970147412509
32344,1379.0408697522867
32345,997.5171908177955
32346,997.5171908177955
32347,1526.4450844591704
32348,762.490797184521
32349,832.9674212174549
32350,832.9674212174549
32351,968.4015118462049
32352,981.8824743155112
32353,981.8824743155112
32354,981.8824743155112
32355,883.4502811665033
32356,866.3005323321943
32357,866.3005323321943
32358,866.3005323321943
32359,858.2853680592789
32360,861.7983855938016
32361,861.7983855938016
32362,861.7983855938016
32363,822.4157633776895
32364,825.9287809122122
32365,825.9287809122122
32366,825.9287809122122
32367,812.0669232512606
32368,815.5799407857834
32369,815.5799407857834
32370,815.5799407857834
32371,811.2218079997784
32372,816.194535879676
32373,816.194535879676
32374,816.194535879676
32375,811.2218079997784
32376,816.194535879676
32377,816.194535879676
32378,816.194535879676
32379,811.2218079997784
32380,816.7585263091389
32381,816.7585263091389
32382,816.7585263091389
32383,2424.198977100901
32384,4594.503188607281
32385,8511.791025924987
32386,8622.346207996836
32387,6516.746990980615
32388,8399.366173193042
32389,8147.074198206182
32390,8147.074198206182
32391,8091.251824539548
32392,7432.84374968219
32393,7456.14954812521
32394,7456.14954812521
32395,7651.08316424988
32396,7749.41657332499
32397,7772.72237176801
32398,7772.72237176801
32399,6839.983669565157
32400,2560.062093946881
32401,2197.507659721811
32402,2197.507659721811
32403,3322.6247435196206
32404,3675.7434254005143
32405,5870.717203076686
32406,5870.717203076686
32407,7237.007625675005
32408,7526.213199829163
32409,7567.702089745405
32410,7642.164751274161
32411,7226.5632828893595
32412,7490.071711943946
32413,7531.5606018601875
32414,7571.115838241563
32415,7231.241152588354
32416,7494.749581642941
32417,7536.2384715591825
32418,7575.793707940558
32419,7071.595840769925
32420,6560.442365531101
32421,6464.8071968813865
32422,5848.387503189669
32423,5208.574856346427
32424,5211.099191754707
32425,5900.486440226308
32426,5560.133133424517
32427,5798.434106084257
32428,5791.600079334206
32429,5922.81109681938
32430,5773.907876374358
32431,5895.130825579701
32432,6792.4342737819625
32433,6894.340384790379
32434,6767.309426283365
32435,2785.9608143549513
32436,2411.886394627475
32437,2028.3768944483995
32438,2039.7427715219085
32439,1516.8932311541234
32440,1299.3174720248694
32441,917.7937930903812
32442,917.7937930903812
32443,1482.437004466086
32444,797.0217337565099
32445,867.4983577894437
32446,867.4983577894437
32447,968.4015118462049
32448,892.6489399181894
32449,892.6489399181894
32450,892.6489399181894
32451,795.958453948429
32452,778.80870511412
32453,778.80870511412
32454,778.80870511412
32455,770.5453187613858
32456,775.263570024822
32457,775.263570024822
32458,775.263570024822
32459,746.3101704730876
32460,751.0284217365238
32461,751.0284217365238
32462,751.0284217365238
32463,735.9613303466584
32464,740.6795816100946
32465,740.6795816100946
32466,740.6795816100946
32467,735.1162150951762
32468,741.2941767039872
32469,741.2941767039872
32470,741.2941767039872
32471,735.1162150951762
32472,741.2941767039872
32473,741.2941767039872
32474,741.2941767039872
32475,735.1162150951762
32476,741.22399201144
32477,741.22399201144
32478,741.22399201144
32479,2424.198977100901
32480,4604.155636312726
32481,8521.443473630432
32482,8631.99865570228
32483,6516.746990980615
32484,8466.44571627414
32485,8214.153741287286
32486,8214.153741287286
32487,8149.640148755194
32488,7478.008141569291
32489,7501.313940012311
32490,7501.313940012311
32491,7656.275883284084
32492,7754.609292359194
32493,7777.915090802214
32494,7777.915090802214
32495,6845.837273927796
32496,2605.640130429457
32497,2243.0856962043867
32498,2243.0856962043867
32499,3368.4346159820034
32500,3721.553297862897
32501,5916.527075539072
32502,5916.527075539072
32503,7217.172364064235
32504,7506.377938218393
32505,7547.866828134636
32506,7622.329489663391
32507,7217.172364064235
32508,7480.680793118821
32509,7522.169683035065
32510,7561.724919416439
32511,7217.172364064235
32512,7480.680793118821
32513,7522.169683035065
32514,7561.724919416439
32515,7347.506258395987
32516,6783.058345460202
32517,6687.423176810487
32518,6071.0034831187695
32519,5526.161580841056
32520,5528.6859162493365
32521,6221.0090021012575
32522,5880.655695299466
32523,6190.636246661379
32524,6190.714913459978
32525,6251.225291268835
32526,6094.430438249307
32527,6274.6275498720925
32528,7252.6170600575415
32529,7280.886694009324
32530,7128.144955090806
32531,2896.096866151211
32532,2552.9562928462497
32533,2166.9007078635855
32534,2152.555804525593
32535,1526.925912262253
32536,1298.032575004002
32537,962.2848159450115
32538,962.2848159450115
32539,1477.5264118689654
32540,794.8355849621263
32541,865.3122089950601
32542,865.3122089950601
32543,879.1679774488831
32544,827.4349373322262
32545,827.4349373322262
32546,827.4349373322262
32547,761.9883285284717
32548,747.2411517365308
32549,747.2411517365308
32550,747.2411517365308
32551,738.4449448907324
32552,743.6960166472328
32553,743.6960166472328
32554,743.6960166472328
32555,714.2097966024343
32556,719.4608683589347
32557,719.4608683589347
32558,719.4608683589347
32559,703.8609564760051
32560,709.1120282325055
32561,709.1120282325055
32562,709.1120282325055
32563,703.0158412245229
32564,709.7266233263981
32565,709.7266233263981
32566,709.7266233263981
32567,703.0158412245229
32568,709.7266233263981
32569,709.7266233263981
32570,709.7266233263981
32571,703.0158412245229
32572,709.6564386338509
32573,709.6564386338509
32574,709.6564386338509
32575,2520.1116411139674
32576,4698.2290109330415
32577,8814.10349100571
32578,8924.658673077563
32579,6839.837096583605
32580,8367.472982400206
32581,8115.181007413346
32582,8115.181007413346
32583,8051.647393272856
32584,7534.864261014338
32585,7558.747339737528
32586,7558.747339737528
32587,7594.4994268736355
32588,7692.832835948746
32589,7716.715914671936
32590,7716.715914671936
32591,6908.785441154124
32592,2565.870073003415
32593,2242.2334151425885
32594,2242.2334151425885
32595,3456.5718791489235
32596,3809.690561029817
32597,6005.2416189861615
32598,6005.2416189861615
32599,7320.428955476253
32600,7609.634529630411
32601,7651.7006998268225
32602,7726.163361355579
32603,7320.428955476253
32604,7583.937384530839
32605,7626.003554727251
32606,7665.558791108627
32607,7320.428955476253
32608,7583.937384530839
32609,7626.003554727251
32610,7665.558791108627
32611,7450.716848401231
32612,7021.790379453333
32613,6926.732491083787
32614,6310.312797392069
32615,5624.902227039988
32616,5627.426562448269
32617,6320.326928580358
32618,5979.973621778567
32619,6304.2839006646
32620,6304.3625674631985
32621,6365.450225552225
32622,6208.655372532698
32623,6389.303471051806
32624,7371.762925043568
32625,7400.609839275519
32626,7247.868100357004
32627,2798.635807873435
32628,2455.4952345684737
32629,2182.9941185225234
32630,2168.649215184531
32631,1591.7682833555932
32632,1376.204536950786
32633,1041.0340581719659
32634,1041.0340581719659
32635,1551.8801395676935
32636,794.8355849621263
32637,865.3122089950601
32638,865.3122089950601
32639,813.95397486292
32640,827.4349373322262
32641,827.4349373322262
32642,827.4349373322262
32643,763.2097412844577
32644,749.3659146154035
32645,749.3659146154035
32646,749.3659146154035
32647,739.7830524981283
32648,746.0824157040249
32649,746.0824157040249
32650,746.0824157040249
32651,715.5479042098302
32652,721.8472674157268
32653,721.8472674157268
32654,721.8472674157268
32655,705.199064083401
32656,711.4984272892976
32657,711.4984272892976
32658,711.4984272892976
32659,704.3539488319188
32660,711.4984272892976
32661,711.4984272892976
32662,711.4984272892976
32663,704.3539488319188
32664,711.4984272892976
32665,711.4984272892976
32666,711.4984272892976
32667,704.3539488319188
32668,711.4282425967505
32669,711.4282425967505
32670,711.4282425967505
32671,837.8199520210044
32672,2731.848797742665
32673,4609.650307195296
32674,4720.205489267144
32675,5003.434875685106
32676,5899.643574537149
32677,5897.230559717126
32678,5897.230559717126
32679,5864.74267149424
32680,5892.1121192370565
32681,5889.699104417034
32682,5889.699104417034
32683,5898.062199423248
32684,5898.062199423248
32685,5895.649184603225
32686,5895.649184603225
32687,4618.04766178355
32688,4226.896577578604
32689,4101.09354502901
32690,4101.09354502901
32691,4342.0963548100235
32692,4342.0963548100235
32693,4954.897728899144
32694,4954.897728899144
32695,5762.342611693626
32696,5724.283171806628
32697,5723.047658739802
32698,5767.927340124742
32699,5762.342611693626
32700,5724.283171806628
32701,5723.047658739802
32702,5767.927340124742
32703,5784.76274417314
32704,5746.703304286142
32705,5745.467791219316
32706,5790.347472604256
32707,2732.2428087023113
32708,2849.5570673251814
32709,2682.6915613479605
32710,2682.6915613479605
32711,2395.822824786
32712,2395.822824786
32713,2487.0225874725757
32714,2487.0225874725757
32715,2575.6246281565373
32716,2575.6246281565373
32717,2547.103701694302
32718,2547.103701694302
32719,2680.0421817399215
32720,2352.9681528242504
32721,2344.8125652818617
32722,2344.8125652818617
32723,2119.541769034224
32724,1924.6297608181246
32725,1700.4037703346896
32726,1700.4037703346896
32727,1213.8036730432832
32728,1147.8179990970625
32729,818.8876436167269
32730,818.8876436167269
32731,1229.5977686614362
32732,817.449237987642
32733,799.0675628013004
32734,799.0675628013004
32735,813.95397486292
32736,750.7583778972506
32737,750.7583778972506
32738,750.7583778972506
32739,714.1476900466029
32740,694.0865873055851
32741,694.0865873055851
32742,694.0865873055851
32743,694.3983642511466
32744,695.0418987949713
32745,695.0418987949713
32746,695.0418987949713
32747,689.9867980191964
32748,690.630332563021
32749,690.630332563021
32750,690.630332563021
32751,693.3788712043965
32752,698.6477885409164
32753,698.6477885409164
32754,698.6477885409164
32755,678.7790659292436
32756,684.8930985172457
32757,684.8930985172457
32758,684.8930985172457
32759,678.7790659292436
32760,684.8930985172457
32761,684.8930985172457
32762,684.8930985172457
32763,678.7790659292436
32764,684.8930985172457
32765,684.8930985172457
32766,684.8930985172457
32767,605.5962886065831
32768,2492.205730322979
32769,2738.356783659759
32770,2848.9119657316087
32771,3265.3346366540686
32772,5602.220793436539
32773,5602.220793436539
32774,5602.220793436539
32775,5602.220793436539
32776,5602.220793436539
32777,5602.220793436539
32778,5602.220793436539
32779,5602.220793436539
32780,5602.220793436539
32781,5602.220793436539
32782,5602.220793436539
32783,4417.378213347212
32784,4071.5686234745535
32785,4071.5686234745535
32786,4071.5686234745535
32787,4288.45147879341
32788,4288.45147879341
32789,4491.542114694089
32790,4491.542114694089
32791,5316.000825919831
32792,5277.941386032833
32793,5276.705872966007
32794,5321.585554350947
32795,5316.000825919831
32796,5277.941386032833
32797,5276.705872966007
32798,5321.585554350947
32799,5338.420958399345
32800,5300.361518512347
32801,5299.126005445521
32802,5344.005686830461
32803,2554.376911645563
32804,2863.3584326193354
32805,2696.4929266421154
32806,2696.4929266421154
32807,2450.5311461868982
32808,2450.5311461868982
32809,2541.7309088734737
32810,2541.7309088734737
32811,2630.3329495574353
32812,2630.3329495574353
32813,2601.8120230952
32814,2601.8120230952
32815,2630.9994433684906
32816,2204.293880814405
32817,2196.138293272016
32818,2196.138293272016
32819,2018.5493003364807
32820,1825.8960064763169
32821,1601.6700159928819
32822,1601.6700159928819
32823,1128.6685194311904
32824,1037.7949928473076
32825,708.8646373669724
32826,708.8646373669724
32827,1119.5747624116814
32828,784.597642250785
32829,766.2159670644434
32830,766.2159670644434
32831,760.0818609011684
32832,807.1238766523925
32833,807.1238766523925
32834,807.1238766523925
32835,727.4047713402533
32836,692.435960019484
32837,692.435960019484
32838,692.435960019484
32839,702.9279741081145
32840,688.9663947433665
32841,688.9663947433665
32842,688.9663947433665
32843,702.5740499093861
32844,688.6124705446381
32845,688.9523364946929
32846,688.9523364946929
32847,700.5081059344529
32848,703.734380867863
32849,704.0742468179178
32850,704.0742468179178
32851,699.6629906829708
32852,703.734380867863
32853,704.0742468179178
32854,704.0742468179178
32855,699.6629906829708
32856,703.734380867863
32857,704.0742468179178
32858,704.0742468179178
32859,699.6629906829708
32860,703.734380867863
32861,704.0742468179178
32862,704.0742468179178
32863,2640.5418406446047
32864,4818.267514833809
32865,8934.141994906478
32866,9044.697176978332
32867,6960.267296114243
32868,6049.934497866929
32869,8367.56626775689
32870,8367.56626775689
32871,1703.301013717154
32872,1347.547230802059
32873,1370.610692583586
32874,1370.610692583586
32875,1171.3355302029474
32876,951.2250299266991
32877,974.2884917082263
32878,974.2884917082263
32879,1171.3355302029474
32880,1168.3910215662531
32881,1191.45448334778
32882,1191.45448334778
32883,1414.697497086911
32884,1446.7611536116897
32885,1469.8246153932164
32886,1469.8246153932164
32887,1414.697497086911
32888,1446.7611536116897
32889,1469.8246153932164
32890,1469.8246153932164
32891,1409.1652372865378
32892,1420.47526766001
32893,1443.538729441537
32894,1408.6313042941572
32895,1413.6184642961016
32896,1406.6360332690817
32897,1429.6994950506087
32898,1394.7920699032288
32899,1337.7029408907924
32900,1330.7205098637726
32901,1353.7839716452995
32902,1305.8299239822238
32903,1241.2293592174108
32904,1191.8129778814177
32905,1248.7247735846486
32906,1247.8025813822892
32907,1364.7306110487177
32908,1331.342588782498
32909,1388.254384485729
32910,1387.3321922833695
32911,1460.1611626631445
32912,1401.7891261337015
32913,1424.8525879152285
32914,1415.6852923538088
32915,1458.1357849656467
32916,1399.7637484362037
32917,1422.8272102177307
32918,1413.659914656311
32919,1016.813374617373
32920,965.0785012087049
32921,969.7602878038902
32922,960.5929922424704
32923,848.1302048750784
32924,794.8355849621263
32925,865.3122089950601
32926,865.3122089950601
32927,833.159126850174
32928,963.2977144317738
32929,963.2977144317738
32930,963.2977144317738
32931,880.781885358076
32932,856.2182779377507
32933,856.2182779377507
32934,856.2182779377507
32935,856.5002855609403
32936,852.7487126616332
32937,852.7487126616332
32938,852.7487126616332
32939,820.6306808793507
32940,816.8615686713391
32941,816.8615686713391
32942,816.8615686713391
32943,810.2818407529218
32944,806.5127285449101
32945,806.5127285449101
32946,806.5127285449101
32947,809.4367255014396
32948,806.5127285449101
32949,806.5127285449101
32950,806.5127285449101
32951,809.4367255014396
32952,806.5127285449101
32953,806.5127285449101
32954,806.5127285449101
32955,809.4367255014396
32956,806.5127285449101
32957,806.5127285449101
32958,806.5127285449101
32959,2640.5418406446047
32960,4818.267514833809
32961,8934.141994906478
32962,9044.697176978332
32963,6960.267296114243
32964,8448.593216419036
32965,8196.301241432182
32966,8196.301241432182
32967,8144.240158524959
32968,7964.181273509485
32969,7987.487071952505
32970,7987.487071952505
32971,8184.280813903764
32972,8282.614222978873
32973,8305.9200214219
32974,8305.9200214219
32975,7508.977102731232
32976,2751.8804361518173
32977,2389.3260019267473
32978,2389.3260019267473
32979,3527.0466591437944
32980,3880.165341024688
32981,6060.201405169764
32982,6060.201405169764
32983,7676.039741300613
32984,7965.245315454771
32985,7991.796491839912
32986,8066.259153368668
32987,7665.595398514967
32988,7930.713537552156
32989,7957.264713937297
32990,7996.819950318672
32991,7613.9107510889435
32992,7879.028890126132
32993,7905.580066511275
32994,7945.135302892649
32995,7523.659140206227
32996,7493.850484731804
32997,7358.2040280785
32998,6616.006531271721
32999,5829.200993167807
33000,5837.630755061793
33001,6714.526963078582
33002,6289.587817358481
33003,6519.2612310386985
33004,6518.332630774354
33005,6740.632698680869
33006,6549.000447358867
33007,6555.186697391789
33008,7236.809365775983
33009,7339.796114008874
33010,7154.795740021715
33011,2867.0413437484544
33012,2456.0216461305226
33013,2089.262649560241
33014,2071.0468411036313
33015,1636.7349299486061
33016,1351.4970953036998
33017,969.9734163692108
33018,969.9734163692108
33019,1568.6842154853698
33020,778.3008428165064
33021,848.77746684944
33022,848.77746684944
33023,967.7197812776443
33024,983.4003898854854
33025,983.4003898854854
33026,983.4003898854854
33027,884.7137764137251
33028,867.981442490025
33029,867.981442490025
33030,867.981442490025
33031,859.744060741504
33032,862.9934181549215
33033,862.9934181549215
33034,862.9934181549215
33035,822.5086182404043
33036,824.6353923353977
33037,824.6353923353977
33038,824.6353923353977
33039,812.1597781139753
33040,813.7079574391329
33041,813.7079574391329
33042,813.7079574391329
33043,811.3146628624932
33044,813.7079574391329
33045,813.7079574391329
33046,813.7079574391329
33047,811.3146628624932
33048,813.7079574391329
33049,813.7079574391329
33050,813.7079574391329
33051,811.3146628624932
33052,814.2719478685958
33053,814.2719478685958
33054,814.2719478685958
33055,2640.5418406446047
33056,4818.267514833809
33057,8934.141994906478
33058,9044.697176978332
33059,6960.267296114243
33060,8633.685731956519
33061,8381.393756969666
33062,8381.393756969666
33063,8329.332674062438
33064,7737.210714638922
33065,7760.516513081941
33066,7760.516513081941
33067,7957.3102550332005
33068,8055.643664108311
33069,8078.949462551331
33070,8078.949462551331
33071,7212.469625366016
33072,2877.926054312257
33073,2515.371620087187
33074,2515.371620087187
33075,3661.6137506483606
33076,4014.7324325292543
33077,6210.982408785357
33078,6210.982408785357
33079,7760.956928635714
33080,8048.900464453902
33081,8091.665552950072
33082,8167.390252814796
33083,7750.512585850068
33084,8012.758976568684
33085,8055.524065064855
33086,8096.341339782199
33087,7698.827938424044
33088,7961.0743291426625
33089,8003.839417638831
33090,8044.656692356175
33091,7287.14736911756
33092,6600.9770539118
33093,6505.341885262083
33094,5763.144388455304
33095,5080.60985385887
33096,5083.134189267151
33097,5857.070670929194
33098,5440.427969865897
33099,5753.713654818296
33100,5746.879628068245
33101,5879.395327522266
33102,5699.840599866283
33103,5724.229395177088
33104,6781.556742361999
33105,6886.043733919192
33106,6728.361268201216
33107,2778.047671964009
33108,2311.3142824206993
33109,1929.0809808215524
33110,1934.9194923246694
33111,1522.5541970391794
33112,1194.4697170714942
33113,812.9460381370055
33114,812.9460381370055
33115,1454.7142122827947
33116,778.3008428165064
33117,848.77746684944
33118,848.77746684944
33119,969.9194274161792
33120,908.9650481411545
33121,908.9650481411545
33122,908.9650481411545
33123,802.8945759057481
33124,787.7120414106868
33125,787.7120414106868
33126,787.7120414106868
33127,770.0521200292496
33128,775.9428710014323
33129,775.9428710014323
33130,775.9428710014323
33131,734.6709390527909
33132,739.4391067065494
33133,739.4391067065494
33134,739.4391067065494
33135,724.3220989263616
33136,727.433258892945
33137,727.433258892945
33138,727.433258892945
33139,723.4769836748794
33140,727.433258892945
33141,727.433258892945
33142,727.433258892945
33143,723.4769836748794
33144,727.433258892945
33145,727.433258892945
33146,727.433258892945
33147,723.4769836748794
33148,727.3630742003978
33149,727.3630742003978
33150,727.3630742003978
33151,2640.5418406446047
33152,4827.919962539254
33153,8943.794442611923
33154,9054.349624683777
33155,6960.267296114243
33156,8651.934187772442
33157,8399.64221278559
33158,8399.64221278559
33159,8342.142961795502
33160,7639.972600657935
33161,7663.278399100955
33162,7663.278399100955
33163,7820.100468199316
33164,7918.433877274427
33165,7941.7396757174465
33166,7941.7396757174465
33167,7071.949454935401
33168,2877.926054312257
33169,2515.371620087187
33170,2515.371620087187
33171,3661.8455866281674
33172,4014.964268509061
33173,6211.214244765164
33174,6211.214244765164
33175,7633.116738598663
33176,7921.060274416851
33177,7965.228685062117
33178,8040.953384926841
33179,7633.116738598663
33180,7895.363129317279
33181,7939.531539962545
33182,7980.348814679889
33183,7576.754221473644
33184,7839.000612192262
33185,7883.169022837528
33186,7923.986297554872
33187,7594.732630484524
33188,6838.561290314422
33189,6742.9261216647055
33190,6000.728624857926
33191,5443.453190460349
33192,5445.9775258686295
33193,6222.849844910993
33194,5782.766892184377
33195,6206.079415306557
33196,6206.158082105156
33197,6267.97314188286
33198,6057.086529989053
33199,6173.606415991095
33200,7329.983678818377
33201,7360.834193318934
33202,7154.000695526137
33203,2908.311153271687
33204,2474.1688765426943
33205,2089.389490139956
33206,2046.0769695682568
33207,1517.9580831231954
33208,1163.506704150936
33209,827.758945091945
33210,827.758945091945
33211,1424.655026020518
33212,778.3008428165064
33213,848.77746684944
33214,848.77746684944
33215,893.9342862432094
33216,842.233129985218
33217,842.233129985218
33218,842.233129985218
33219,760.3580310564729
33220,748.3751568909025
33221,748.3751568909025
33222,748.3751568909025
33223,729.4794848452468
33224,736.2291575180844
33225,736.2291575180844
33226,736.2291575180844
33227,695.4641416882978
33228,701.6978513052039
33229,701.6978513052039
33230,701.6978513052039
33231,685.1153015618685
33232,690.2705982614353
33233,690.2705982614353
33234,690.2705982614353
33235,684.2701863103863
33236,690.2705982614353
33237,690.2705982614353
33238,690.2705982614353
33239,684.2701863103863
33240,690.2705982614353
33241,690.2705982614353
33242,690.2705982614353
33243,684.2701863103863
33244,690.5772425324517
33245,690.5772425324517
33246,690.5772425324517
33247,2570.920065352541
33248,4749.037435171616
33249,8864.91191524429
33250,8975.467097316145
33251,6890.645520822184
33252,8623.508037509246
33253,8371.216062522391
33254,8371.216062522391
33255,8316.647005905139
33256,7397.445704424383
33257,7421.328783147573
33258,7421.328783147573
33259,7457.08087028368
33260,7555.414279358791
33261,7579.297358081981
33262,7579.297358081981
33263,6715.491816320642
33264,2790.6300063156973
33265,2466.9933484548706
33266,2466.9933484548706
33267,3662.119373886359
33268,4015.2380557672527
33269,6227.4105103993725
33270,6227.4105103993725
33271,7648.5098541019515
33272,7936.45338992014
33273,7996.544278941422
33274,8072.268978806146
33275,7648.5098541019515
33276,7910.756244820568
33277,7970.84713384185
33278,8011.664408559194
33279,7592.147336976933
33280,7854.393727695551
33281,7914.484616716833
33282,7955.301891434177
33283,7595.006417742716
33284,6761.608649276831
33285,6666.550760907285
33286,5924.353264100505
33287,5366.500549422758
33288,5369.024884831038
33289,6146.474484153572
33290,5706.391531426956
33291,6129.126774268966
33292,6129.205441067565
33293,6191.597781125439
33294,5980.711169231632
33295,6076.299741142469
33296,7307.63156076038
33297,7354.404553636954
33298,7147.571055844157
33299,2741.567148448901
33300,2307.4248717199084
33301,2051.5451523497313
33302,2008.2326317780303
33303,1517.9853765737314
33304,1157.472341000521
33305,822.3018622217005
33306,822.3018622217005
33307,1424.655026020518
33308,766.7849839123724
33309,837.261607945306
33310,837.261607945306
33311,827.2023680872729
33312,842.233129985218
33313,842.233129985218
33314,842.233129985218
33315,760.3580310564729
33316,748.6664161062866
33317,748.6664161062866
33318,748.6664161062866
33319,729.5961796966568
33320,736.5204167334686
33321,736.5204167334686
33322,736.5204167334686
33323,695.5808365397078
33324,701.989110520588
33325,701.989110520588
33326,701.989110520588
33327,685.2319964132785
33328,690.5618574768195
33329,690.5618574768195
33330,690.5618574768195
33331,684.3868811617963
33332,690.5618574768195
33333,690.5618574768195
33334,690.5618574768195
33335,684.3868811617963
33336,690.5618574768195
33337,690.5618574768195
33338,690.5618574768195
33339,684.3868811617963
33340,690.8685017478358
33341,690.8685017478358
33342,690.8685017478358
33343,861.5630879163966
33344,2755.591933638057
33345,4633.3934430906875
33346,4743.948625162536
33347,5013.538400912588
33348,6252.643117288001
33349,6250.230102467978
33350,6250.230102467978
33351,6217.742214245092
33352,6105.918107838684
33353,6103.505093018661
33354,6103.505093018661
33355,6111.868188024875
33356,6111.868188024875
33357,6109.455173204852
33358,6109.455173204852
33359,4765.121594523337
33360,4528.799453391141
33361,4402.9964208415495
33362,4402.9964208415495
33363,4625.746332965597
33364,4625.746332965597
33365,5238.547707054717
33366,5238.547707054717
33367,6032.184647395597
33368,5994.125207508599
33369,5994.293016590867
33370,6039.172697975808
33371,6032.184647395597
33372,5994.125207508599
33373,5994.293016590867
33374,6039.172697975808
33375,5998.242262750092
33376,5960.182822863094
33377,5960.3506319453645
33378,6005.230313330305
33379,2963.580357364285
33380,2972.390693644487
33381,2805.525187667266
33382,2805.525187667266
33383,2332.796823706125
33384,2332.796823706125
33385,2423.9965863927005
33386,2423.9965863927005
33387,2512.598627076662
33388,2512.598627076662
33389,2484.0777006144267
33390,2484.0777006144267
33391,2500.8281350873067
33392,2275.021732773257
33393,2266.8661452308684
33394,2266.8661452308684
33395,2051.478325064118
33396,1849.330021106973
33397,1625.104030623538
33398,1625.104030623538
33399,1138.562200857924
33400,1039.2182192949729
33401,710.2878638146378
33402,710.2878638146378
33403,1120.9979888593466
33404,799.5021621653725
33405,781.1204869790304
33406,781.1204869790304
33407,827.2023680872729
33408,762.8047967535297
33409,762.8047967535297
33410,762.8047967535297
33411,716.6122387608472
33412,695.5013063456679
33413,695.5013063456679
33414,695.5013063456679
33415,689.5277503919044
33416,687.9709463371784
33417,687.9709463371784
33418,687.9709463371784
33419,675.3359892913033
33420,674.0507919708289
33421,674.0507919708289
33422,674.0507919708289
33423,678.7280624765036
33424,682.0682479487243
33425,682.0682479487243
33426,682.0682479487243
33427,664.1282572013507
33428,668.3135579250536
33429,668.3135579250536
33430,668.3135579250536
33431,664.1282572013507
33432,668.3135579250536
33433,668.3135579250536
33434,668.3135579250536
33435,664.1282572013507
33436,668.3135579250536
33437,668.3135579250536
33438,668.3135579250536
33439,629.339424501974
33440,2515.94886621837
33441,2762.0999195551512
33442,2872.655101627001
33443,3289.077772549461
33444,2087.2370461994706
33445,2087.2370461994706
33446,2087.2370461994706
33447,1403.402363551459
33448,1074.5180611310402
33449,1074.5180611310402
33450,1074.5180611310402
33451,1311.5581895491646
33452,1125.7365737728535
33453,1125.7365737728535
33454,1125.7365737728535
33455,1311.5581895491646
33456,1335.684249173013
33457,1335.684249173013
33458,1335.684249173013
33459,1516.0361809601268
33460,1540.1622405839753
33461,1540.1622405839753
33462,1540.1622405839753
33463,1516.0361809601268
33464,1540.1622405839753
33465,1540.1622405839753
33466,1540.1622405839753
33467,1510.5039211597536
33468,1533.440731394349
33469,1533.440731394349
33470,1533.440731394349
33471,1514.9571481693174
33472,1519.6014970034207
33473,1519.6014970034207
33474,1519.6014970034207
33475,1304.2839336118525
33476,1308.9282824459558
33477,1308.9282824459558
33478,1308.9282824459558
33479,1233.3392682211243
33480,1199.3170783442836
33481,1199.3170783442836
33482,1199.3170783442836
33483,1354.5686485472766
33484,1336.5748177402093
33485,1336.5748177402093
33486,1336.5748177402093
33487,1421.184516260392
33488,1403.1906854533247
33489,1403.1906854533247
33490,1403.1906854533247
33491,1421.184516260392
33492,1403.1906854533247
33493,1403.1906854533247
33494,1403.1906854533247
33495,937.0553245770241
33496,906.661356086406
33497,888.2796809000645
33498,888.2796809000645
33499,822.2000044911752
33500,791.806036000557
33501,773.4243608142149
33502,773.4243608142149
33503,773.3302541255214
33504,813.7899072545882
33505,813.7899072545882
33506,813.7899072545882
33507,765.4123361333689
33508,688.9929370492614
33509,688.9929370492614
33510,688.9929370492614
33511,706.3440210024355
33512,677.7852140498986
33513,677.7852140498986
33514,677.7852140498986
33515,704.8071727116946
33516,677.0183962406362
33517,677.358262190691
33518,677.358262190691
33519,702.7412287367617
33520,691.5617117940255
33521,691.9015777440803
33522,691.9015777440803
33523,702.7412287367617
33524,691.5617117940255
33525,691.9015777440803
33526,691.9015777440803
33527,702.7412287367617
33528,691.5617117940255
33529,691.9015777440803
33530,691.9015777440803
33531,702.7412287367617
33532,691.5617117940255
33533,691.9015777440803
33534,691.9015777440803
33535,2501.8700369563494
33536,4679.595711145552
33537,8826.920987609028
33538,8937.476169680882
33539,6821.59549242599
33540,8796.274511666186
33541,8543.982536679334
33542,8543.982536679334
33543,8491.938790914011
33544,8310.710806322992
33545,8334.016604766019
33546,8334.016604766019
33547,8530.810346717273
33548,8613.343906295018
33549,8636.649704738045
33550,8636.649704738045
33551,7713.180041272339
33552,2943.0535007103726
33553,2580.4990664853026
33554,2580.4990664853026
33555,3724.4018738324207
33556,4077.5205557133145
33557,6272.901817954234
33558,6272.901817954234
33559,7958.104413355991
33560,8246.04794917418
33561,8285.900616713756
33562,8361.625316578482
33563,7947.660070570345
33564,8211.516171271565
33565,8251.368838811137
33566,8292.18611352849
33567,7895.975423144323
33568,8159.831523845542
33569,8199.68419138511
33570,8240.501466102465
33571,7529.696972575613
33572,7734.409010969883
33573,7598.76255431658
33574,6946.545923655359
33575,6035.00139590596
33576,6043.431157799946
33577,6943.824905347367
33578,6534.463484281214
33579,6723.006296424316
33580,6722.077696159971
33581,6967.875303597119
33582,6793.8761142816
33583,6643.958583467939
33584,7090.979031239903
33585,7232.808517099272
33586,7065.441205118596
33587,2800.862110579732
33588,2342.970316095838
33589,1991.5565176214036
33590,2014.4713107019086
33591,1622.3465786019965
33592,1388.4295221861078
33593,1006.9058432516179
33594,1006.9058432516179
33595,1591.0322194920832
33596,766.7849839123724
33597,837.261607945306
33598,837.261607945306
33599,884.9249004402786
33600,969.4510522630549
33601,969.4510522630549
33602,969.4510522630549
33603,917.6119289163951
33604,849.6131546403979
33605,849.6131546403979
33606,849.6131546403979
33607,858.543613785462
33608,838.4054316410353
33609,838.4054316410353
33610,838.4054316410353
33611,821.773598045152
33612,802.4054463822038
33613,802.4054463822038
33614,802.4054463822038
33615,811.4247579187231
33616,791.4780114859391
33617,791.4780114859391
33618,791.4780114859391
33619,811.4247579187231
33620,791.4780114859391
33621,791.4780114859391
33622,791.4780114859391
33623,811.4247579187231
33624,791.4780114859391
33625,791.4780114859391
33626,791.4780114859391
33627,811.4247579187231
33628,791.4780114859391
33629,791.4780114859391
33630,791.4780114859391
33631,2501.8700369563494
33632,4590.755484342472
33633,8738.08076080595
33634,8848.635942877803
33635,6821.59549242599
33636,8716.074808905652
33637,8463.782833918798
33638,8463.782833918798
33639,8411.739088153477
33640,8225.354623815309
33641,8248.660422258336
33642,8248.660422258336
33643,8518.982911355992
33644,8592.273860500043
33645,8615.57965894307
33646,8615.57965894307
33647,7738.164083824465
33648,2943.3353652343408
33649,2580.7809310092707
33650,2580.7809310092707
33651,3724.4018738324207
33652,4077.5205557133145
33653,6272.901817954234
33654,6272.901817954234
33655,7886.112481995179
33656,8169.246244545213
33657,8209.098912084784
33658,8277.228178223013
33659,7875.668139209533
33660,8134.7144666425975
33661,8174.567134182168
33662,8207.78897517302
33663,7823.98349178351
33664,8083.029819216576
33665,8122.882486756144
33666,8156.104327746989
33667,7529.696972575613
33668,7585.142110482822
33669,7449.495653829519
33670,6797.279023168298
33671,5885.734495418899
33672,5894.164257312886
33673,6794.558004860307
33674,6385.196583794153
33675,6573.739395937256
33676,6572.810795672911
33677,6818.608403110058
33678,6644.60921379454
33679,6492.968542148733
33680,7089.255890407757
33681,7231.085376267126
33682,7063.7180642864505
33683,2833.1644876887185
33684,2341.247175263692
33685,1989.8333767892575
33686,2012.7481698697625
33687,1654.6489557109865
33688,1304.189665884852
33689,922.6659869503628
33690,922.6659869503628
33691,1577.648245318852
33692,863.5468511793879
33693,934.0234752123216
33694,934.0234752123216
33695,1019.4855548677501
33696,986.5184185406931
33697,986.5184185406931
33698,986.5184185406931
33699,915.6801706791724
33700,849.8504262682799
33701,849.8504262682799
33702,849.8504262682799
33703,855.9237396731536
33704,837.6585013527448
33705,837.6585013527448
33706,837.6585013527448
33707,820.0541349915645
33708,801.4538831429146
33709,801.4538831429146
33710,801.4538831429146
33711,809.7052948651357
33712,790.5264482466499
33713,790.5264482466499
33714,790.5264482466499
33715,809.7052948651357
33716,790.5264482466499
33717,790.5264482466499
33718,790.5264482466499
33719,809.7052948651357
33720,790.5264482466499
33721,790.5264482466499
33722,790.5264482466499
33723,809.7052948651357
33724,791.0904386761129
33725,791.0904386761129
33726,791.0904386761129
33727,2501.8700369563494
33728,4590.755484342472
33729,8738.08076080595
33730,8848.635942877803
33731,6821.59549242599
33732,8697.10605697851
33733,8444.814081991655
33734,8444.814081991655
33735,8392.770336226335
33736,7446.1444787274
33737,7469.999459062113
33738,7469.999459062113
33739,7750.521474775612
33740,7823.812423919663
33741,7847.6674042543755
33742,7847.6674042543755
33743,6973.697691232121
33744,2944.4457312987124
33745,2581.8912970736424
33746,2581.8912970736424
33747,3732.9025460104185
33748,4086.0212278913123
33749,6297.616402243257
33750,6297.616402243257
33751,7638.762776066481
33752,7921.352782539378
33753,7948.95759289286
33754,7972.207177646144
33755,7628.318433280835
33756,7883.472621677052
33757,7911.0774320305345
33758,7899.419591636439
33759,7576.633785854811
33760,7831.78797425103
33761,7859.392784604511
33762,7847.734944210415
33763,7356.792010283727
33764,6362.097663963489
33765,6240.616993342354
33766,5588.400362681134
33767,5021.135218851277
33768,5023.659554259558
33769,5789.483316538601
33770,5388.418340129251
33771,5680.722128582589
33772,5673.888101832538
33773,5799.269566930492
33774,5647.8309701296375
33775,5617.24646449721
33776,6835.916825142822
33777,6980.225039353427
33778,6850.658704490578
33779,2765.934757400987
33780,2435.933631604956
33781,2069.045528101656
33782,2116.014641141891
33783,1655.851686625379
33784,1499.6942592309201
33785,1118.170580296431
33786,1118.170580296431
33787,1597.753108200854
33788,877.4870810618949
33789,947.9637050948286
33790,947.9637050948286
33791,1020.8277833301013
33792,957.7941953315576
33793,957.7941953315576
33794,957.7941953315576
33795,823.0845883456882
33796,745.5075970502742
33797,745.5075970502742
33798,745.5075970502742
33799,769.179279701504
33800,734.1721229121501
33801,734.1721229121501
33802,734.1721229121501
33803,736.768266667151
33804,701.7611098777971
33805,701.7611098777971
33806,701.7611098777971
33807,726.4194265407219
33808,691.4122697513681
33809,691.4122697513681
33810,691.4122697513681
33811,726.4194265407219
33812,691.4122697513681
33813,691.4122697513681
33814,691.4122697513681
33815,726.4194265407219
33816,691.4122697513681
33817,691.4122697513681
33818,691.4122697513681
33819,726.4194265407219
33820,691.7189140223844
33821,691.7189140223844
33822,691.7189140223844
33823,2463.748151134385
33824,4466.219591533317
33825,8613.544867996778
33826,8724.100050068631
33827,6783.473606604024
33828,8721.183855826584
33829,8468.891880839732
33830,8468.891880839732
33831,8415.17599201444
33832,7452.498028814786
33833,7476.353009149499
33834,7476.353009149499
33835,7708.242349150721
33836,7781.533298294772
33837,7805.388278629484
33838,7805.388278629484
33839,6939.887965148644
33840,2957.1598796325184
33841,2594.6054454074483
33842,2594.6054454074483
33843,3745.8485303240313
33844,4098.967212204924
33845,6310.5623865568705
33846,6310.5623865568705
33847,7603.715538761508
33848,7891.4458894775
33849,7915.153902417803
33850,7938.403487171087
33851,7603.715538761508
33852,7864.01007140082
33853,7887.718084341123
33854,7876.060243947028
33855,7547.353021636491
33856,7807.647554275802
33857,7831.3555672161065
33858,7819.697726822011
33859,7524.571615291548
33860,6485.827516777773
33861,6364.346846156638
33862,5712.130215495417
33863,5267.559072356429
33864,5270.08340776471
33865,6085.633627270471
33866,5619.997797660688
33867,5996.865110804075
33868,5996.943777602673
33869,6118.218518041158
33870,5894.317435465364
33871,5937.86082446882
33872,7302.645452969109
33873,7393.120485293526
33874,7162.315806871341
33875,2968.4598159513685
33876,2701.3964618269993
33877,2331.962273520108
33878,2277.693043001007
33879,1682.38654841498
33880,1496.7016834257217
33881,1160.95392436673
33882,1160.95392436673
33883,1588.6041393649143
33884,943.1948183309275
33885,1013.6714423638614
33886,1013.6714423638614
33887,931.5942489327778
33888,892.9940354128431
33889,892.9940354128431
33890,892.9940354128431
33891,760.2350975127054
33892,682.6581062172913
33893,682.6581062172913
33894,682.6581062172913
33895,708.2936985337939
33896,671.3226320791675
33897,671.3226320791675
33898,671.3226320791675
33899,675.8826854994404
33900,638.9116190448141
33901,638.9116190448141
33902,638.9116190448141
33903,667.5997893479441
33904,630.6287228933178
33905,630.6287228933178
33906,630.6287228933178
33907,667.5997893479441
33908,630.6287228933178
33909,630.6287228933178
33910,630.6287228933178
33911,667.5997893479441
33912,630.6287228933178
33913,630.6287228933178
33914,630.6287228933178
33915,667.5997893479441
33916,630.9353671643341
33917,630.9353671643341
33918,630.9353671643341
33919,2463.748151134385
33920,4456.958839457742
33921,8604.284115921202
33922,8714.839297993056
33923,6783.473606604024
33924,8610.75993276102
33925,8358.467957774168
33926,8358.467957774168
33927,8307.664926179805
33928,7182.710652345967
33929,7207.14291296085
33930,7207.14291296085
33931,7311.561306282867
33932,7384.852255426918
33933,7409.284516041801
33934,7409.284516041801
33935,6629.362145129259
33936,2869.8464944940565
33937,2546.2098366332298
33938,2546.2098366332298
33939,3748.761387554959
33940,4101.880069435852
33941,6314.052524067969
33942,6314.052524067969
33943,7595.0311573572535
33944,7882.761508073244
33945,7907.046801293719
33946,7930.296386047004
33947,7595.0311573572535
33948,7855.3256899965645
33949,7879.61098321704
33950,7867.953142822944
33951,7538.668640232235
33952,7798.963172871548
33953,7823.248466092021
33954,7811.590625697925
33955,7527.484472522477
33956,6485.499432551948
33957,6364.596042210984
33958,5712.379411549763
33959,5267.230988130605
33960,5269.755323538885
33961,6085.882823324817
33962,5620.246993715034
33963,5996.53702657825
33964,5996.615693376849
33965,6118.467714095504
33966,5894.5666315197095
33967,5905.6884842666095
33968,7300.088473908009
33969,7391.140786512597
33970,7160.3361080904115
33971,2803.8077042500167
33972,2529.007344082786
33973,2273.1276247126084
33974,2218.8583941935076
33975,1681.9404874322004
33976,1491.1382398183582
33977,1155.967761039537
33978,1155.967761039537
33979,1585.2452211512066
33980,864.1734084166485
33981,934.6500324495814
33982,934.6500324495814
33983,866.7940890140633
33984,784.5443248050082
33985,784.5443248050082
33986,784.5443248050082
33987,672.5171407363239
33988,594.3082277570749
33989,594.3082277570749
33990,594.3082277570749
33991,618.9261537394174
33992,597.1702011702331
33993,597.1702011702331
33994,597.1702011702331
33995,618.9261537394174
33996,597.1702011702331
33997,597.1702011702331
33998,597.1702011702331
33999,610.6432575879211
34000,588.8873050187368
34001,588.8873050187368
34002,588.8873050187368
34003,610.6432575879211
34004,588.8873050187368
34005,588.8873050187368
34006,588.8873050187368
34007,610.6432575879211
34008,588.8873050187368
34009,588.8873050187368
34010,588.8873050187368
34011,610.6432575879211
34012,589.1939492897532
34013,589.1939492897532
34014,589.1939492897532
34015,709.346159192346
34016,2507.3085502213657
34017,4385.110059673997
34018,4495.665241745845
34019,4883.321260823375
34020,6206.446062553526
34021,6204.033047733503
34022,6204.033047733503
34023,6175.311184533505
34024,5963.212683975736
34025,5960.799669155713
34026,5960.799669155713
34027,5971.250469810076
34028,5971.250469810076
34029,5968.837454990053
34030,5968.837454990053
34031,4587.742103089357
34032,4375.542413031438
34033,4249.739380481852
34034,4249.739380481852
34035,4472.489292605897
34036,4472.489292605897
34037,5085.290666695016
34038,5085.290666695016
34039,5771.388828488659
34040,5737.925976767618
34041,5707.192010119665
34042,5707.192010119665
34043,5771.388828488659
34044,5737.925976767618
34045,5707.192010119665
34046,5707.192010119665
34047,5726.814691672113
34048,5693.351839951072
34049,5662.617873303119
34050,5662.617873303119
34051,2929.0283592689234
34052,3074.8266430243543
34053,2916.790481700743
34054,2916.790481700743
34055,2444.062117739602
34056,2444.062117739602
34057,2590.4535293625263
34058,2590.4535293625263
34059,2623.8639211101386
34060,2623.8639211101386
34061,2650.534643584253
34062,2650.534643584253
34063,2533.4838848831323
34064,2198.856187132383
34065,2190.7005995899945
34066,2190.7005995899945
34067,2115.1674395016507
34068,1959.0488816453108
34069,1734.8228911618758
34070,1734.8228911618758
34071,1240.2024857791152
34072,1186.5643419445614
34073,857.6339864642243
34074,857.6339864642243
34075,1219.6947419898522
34076,771.0812410272746
34077,752.6995658409326
34078,752.6995658409326
34079,758.9763000900633
34080,736.798171812872
34081,736.798171812872
34082,736.798171812872
34083,663.8834870003441
34084,582.9521352675478
34085,582.9521352675478
34086,582.9521352675478
34087,609.3176145281129
34088,585.7774995788366
34089,585.7774995788366
34090,585.7774995788366
34091,610.6481996116279
34092,587.1080846623515
34093,587.1080846623515
34094,587.1080846623515
34095,610.6481996116279
34096,591.7334674550467
34097,591.7334674550467
34098,591.7334674550467
34099,596.8935095879572
34100,577.978777431376
34101,577.978777431376
34102,577.978777431376
34103,596.8935095879572
34104,577.978777431376
34105,577.978777431376
34106,577.978777431376
34107,596.8935095879572
34108,577.978777431376
34109,577.978777431376
34110,577.978777431376
34111,477.1224957779231
34112,2267.6654828016785
34113,2513.81653613846
34114,2624.3717182103096
34115,3148.5646267890756
34116,1946.7239004390829
34117,1946.7239004390829
34118,1946.7239004390829
34119,1268.4911973206915
34120,939.6068949002755
34121,939.6068949002755
34122,939.6068949002755
34123,1217.8963977107112
34124,1029.2296203790236
34125,1029.2296203790236
34126,1029.2296203790236
34127,1217.8963977107112
34128,1239.1772957791813
34129,1239.1772957791813
34130,1239.1772957791813
34131,1477.1773322827075
34132,1498.4582303511777
34133,1498.4582303511777
34134,1498.4582303511777
34135,1477.1773322827075
34136,1498.4582303511777
34137,1498.4582303511777
34138,1498.4582303511777
34139,1477.1773322827075
34140,1497.2689809619246
34141,1497.2689809619246
34142,1497.2689809619246
34143,1481.6305592922713
34144,1483.4297465709963
34145,1483.4297465709963
34146,1483.4297465709963
34147,1270.9573447348066
34148,1272.7565320135316
34149,1272.7565320135316
34150,1272.7565320135316
34151,1177.0942736814768
34152,1128.4857001181128
34153,1128.4857001181128
34154,1128.4857001181128
34155,1271.2854635742638
34156,1238.3116035930977
34157,1238.3116035930977
34158,1238.3116035930977
34159,1337.9013312873792
34160,1298.323235534758
34161,1298.323235534758
34162,1298.323235534758
34163,1334.5304773481425
34164,1294.9523815955213
34165,1294.9523815955213
34166,1294.9523815955213
34167,864.0335238800906
34168,802.7033976187344
34169,784.3217224323934
34170,784.3217224323934
34171,792.2518632408096
34172,730.9217369794534
34173,712.5400617931114
34174,712.5400617931114
34175,734.0345925711513
34176,702.543290270798
34177,702.543290270798
34178,702.543290270798
34179,701.0354121633906
34180,598.0871408062878
34181,598.0871408062878
34182,598.0871408062878
34183,656.6281299005145
34184,602.3636626198437
34185,602.3636626198437
34186,602.3636626198437
34187,656.8367299296724
34188,602.5722626490016
34189,602.9121285990564
34190,602.9121285990564
34191,656.8367299296724
34192,604.5425774238818
34193,604.8824433739366
34194,604.8824433739366
34195,656.8367299296724
34196,604.5293439712412
34197,604.869209921296
34198,604.869209921296
34199,656.8367299296724
34200,604.5293439712412
34201,604.869209921296
34202,604.869209921296
34203,656.8367299296724
34204,604.5293439712412
34205,604.869209921296
34206,604.869209921296
34207,2433.3652869692696
34208,4426.184279662758
34209,8573.509556126217
34210,8684.06473819807
34211,6753.090742438904
34212,5753.917717388509
34213,8103.000283669272
34214,8103.000283669272
34215,1740.8633901012943
34216,1419.3984916861386
34217,1419.3984916861386
34218,1419.3984916861386
34219,1249.444163387427
34220,1069.0045283850632
34221,1069.0045283850632
34222,1069.0045283850632
34223,1249.444163387427
34224,1278.9522037852228
34225,1278.9522037852228
34226,1278.9522037852228
34227,1490.653098455163
34228,1555.1693040144319
34229,1571.790700690204
34230,1571.790700690204
34231,1490.653098455163
34232,1555.1693040144319
34233,1571.790700690204
34234,1571.790700690204
34235,1490.653098455163
34236,1534.4156778631254
34237,1551.0370745388975
34238,1516.1296493915177
34239,1491.9413345528405
34240,1517.4114525603109
34241,1534.032849236083
34242,1499.125424088703
34243,1416.0258111475316
34244,1441.495929155002
34245,1458.117325830774
34246,1410.1632781676983
34247,1293.8392282033665
34248,1263.4529845911422
34249,1313.9227151886182
34250,1321.1488400466326
34251,1388.0304180961534
34252,1373.2788880661271
34253,1423.748618663603
34254,1430.9747435216175
34255,1483.4609697105802
34256,1427.0480600232227
34257,1443.6694566989947
34258,1442.6504781979488
34259,1480.0901157713436
34260,1423.677206083986
34261,1440.298602759758
34262,1439.2796242587121
34263,1105.8714891952184
34264,1046.7438498034535
34265,1044.9835712928823
34266,1043.9645927918361
34267,905.366946283446
34268,864.1734084166485
34269,934.6500324495814
34270,934.6500324495814
34271,802.5175513813132
34272,920.4107514387657
34273,920.4107514387657
34274,920.4107514387657
34275,809.65072908414
34276,723.3352953744387
34277,723.3352953744387
34278,723.3352953744387
34279,766.2183322965886
34280,728.5867026633192
34281,728.5867026633192
34282,728.5867026633192
34283,766.2183322965886
34284,728.5867026633192
34285,728.5867026633192
34286,728.5867026633192
34287,757.9354361450924
34288,720.3038065118229
34289,720.3038065118229
34290,720.3038065118229
34291,757.9354361450924
34292,720.2905730591824
34293,720.2905730591824
34294,720.2905730591824
34295,757.9354361450924
34296,720.2905730591824
34297,720.2905730591824
34298,720.2905730591824
34299,757.9354361450924
34300,720.2905730591824
34301,720.2905730591824
34302,720.2905730591824
34303,2300.2010705911835
34304,4285.600659279407
34305,8432.925935742873
34306,8543.481117814725
34307,6619.926526060819
34308,8714.899262073595
34309,8462.607287086743
34310,8462.607287086743
34311,8506.340375110118
34312,7822.426927003381
34313,7820.576366588147
34314,7820.576366588147
34315,8126.803923051592
34316,8200.094872195641
34317,8198.244311780407
34318,8198.244311780407
34319,7322.583582300374
34320,3035.6207469754304
34321,2650.0028509688323
34322,2650.0028509688323
34323,3815.934157638393
34324,4169.052839519286
34325,6341.370639978675
34326,6341.370639978675
34327,7594.501522839578
34328,7883.708242273025
34329,7873.49246971402
34330,7895.2656857498505
34331,7584.057180053932
34332,7844.716108216974
34333,7834.500335657972
34334,7821.366126546422
34335,7529.207541716023
34336,7789.866469879065
34337,7779.650697320061
34338,7766.516488208511
34339,7414.99689595469
34340,6442.87253758529
34341,6302.157221541169
34342,5649.940590879948
34343,5222.799931895428
34344,5231.229693789414
34345,6093.085674526443
34346,5641.885631754514
34347,5877.025038334345
34348,5876.09643807
34349,6104.1380588941365
34350,5901.2982617549005
34351,5737.387454949248
34352,6948.747645906755
34353,7072.821145153113
34354,6884.761542409095
34355,2874.581777206148
34356,2553.6399737959623
34357,2172.7017901909812
34358,2164.4412236594944
34359,1777.8517408918165
34360,1587.146682196888
34361,1182.5595414808713
34362,1182.5595414808713
34363,1614.8841445323865
34364,864.1734084166485
34365,934.6500324495814
34366,934.6500324495814
34367,915.9962122716003
34368,938.3137807539425
34369,938.3137807539425
34370,938.3137807539425
34371,809.65072908414
34372,728.1913598722884
34373,728.1913598722884
34374,728.1913598722884
34375,766.2183322965886
34376,731.9243081021826
34377,731.9243081021826
34378,731.9243081021826
34379,766.2183322965886
34380,731.9243081021826
34381,731.9243081021826
34382,731.9243081021826
34383,757.9354361450924
34384,723.6414119506863
34385,723.6414119506863
34386,723.6414119506863
34387,757.9354361450924
34388,723.6281784980458
34389,723.6281784980458
34390,723.6281784980458
34391,757.9354361450924
34392,723.6281784980458
34393,723.6281784980458
34394,723.6281784980458
34395,757.9354361450924
34396,724.1921689275088
34397,724.1921689275088
34398,724.1921689275088
34399,2300.2010705911835
34400,4285.600659279407
34401,8432.925935742873
34402,8543.481117814725
34403,6619.926526060819
34404,5613.33409700516
34405,7962.416663285912
34406,7962.416663285912
34407,1686.6140846599212
34408,1357.7297822395026
34409,1357.7297822395026
34410,1357.7297822395026
34411,1328.359074324141
34412,1147.9194393217772
34413,1147.9194393217772
34414,1147.9194393217772
34415,1328.359074324141
34416,1357.8671147219368
34417,1357.8671147219368
34418,1357.8671147219368
34419,1577.7114134406218
34420,1642.2276189998906
34421,1675.0629277866913
34422,1675.0629277866913
34423,1577.7114134406218
34424,1642.2276189998906
34425,1675.0629277866913
34426,1675.0629277866913
34427,1577.7114134406218
34428,1621.4739928485842
34429,1654.309301635385
34430,1619.4018764880052
34431,1578.9996495382993
34432,1604.4697675457696
34433,1637.3050763325705
34434,1602.3976511851906
34435,1496.3508958230718
34436,1521.8210138305421
34437,1538.4424105063142
34438,1490.4883628432385
34439,1360.3137975636575
34440,1329.9275539514333
34441,1380.3972845489093
34442,1397.357315125966
34443,1454.5049874564452
34444,1439.753457426419
34445,1490.2231880238949
34446,1507.1832186009515
34447,1549.935539070872
34448,1491.9422650484448
34449,1508.563661724217
34450,1517.2785889422132
34451,1546.5646851316353
34452,1488.5714111092082
34453,1505.1928077849802
34454,1513.9077350029766
34455,1103.4921835049865
34456,1042.784179778152
34457,1041.0239012675813
34458,1049.7388284855774
34459,905.366946283446
34460,864.1734084166485
34461,934.6500324495814
34462,934.6500324495814
34463,915.9962122716003
34464,853.0750954014535
34465,853.0750954014535
34466,853.0750954014535
34467,729.3626891481708
34468,647.9033199363192
34469,647.9033199363192
34470,647.9033199363192
34471,684.7887455785359
34472,652.2164508517445
34473,652.2164508517445
34474,652.2164508517445
34475,684.7887455785359
34476,652.2164508517445
34477,652.2164508517445
34478,652.2164508517445
34479,676.5058494270396
34480,643.9335547002482
34481,643.9335547002482
34482,643.9335547002482
34483,676.5058494270396
34484,643.9203212476077
34485,643.9203212476077
34486,643.9203212476077
34487,676.5058494270396
34488,643.9203212476077
34489,643.9203212476077
34490,643.9203212476077
34491,676.5058494270396
34492,644.2269655186241
34493,644.2269655186241
34494,644.2269655186241
34495,2300.2010705911835
34496,4295.253106984852
34497,8442.578383448317
34498,8553.13356552017
34499,6619.926526060819
34500,8752.966416907362
34501,8500.674441920508
34502,8500.674441920508
34503,8538.969361861025
34504,7325.72867392846
34505,7323.878113513226
34506,7323.878113513226
34507,7581.472994264394
34508,7654.763943408446
34509,7652.913382993212
34510,7652.913382993212
34511,6759.0155392652905
34512,3035.96242906561
34513,2650.344533059012
34514,2650.344533059012
34515,3824.651079757123
34516,4177.7697616380165
34517,6366.301474208434
34518,6366.301474208434
34519,7646.521647629044
34520,7935.728367062491
34521,7951.920032085898
34522,7973.693248121728
34523,7646.521647629044
34524,7909.929048193584
34525,7926.120713216991
34526,7912.986504105441
34527,7586.9941395921405
34528,7850.40154015668
34529,7866.593205180087
34530,7853.458996068537
34531,7447.432496721888
34532,6484.671025144165
34533,6343.875163461412
34534,5691.658532800191
34535,5224.9659229671615
34536,5227.490258375442
34537,6019.977016099677
34538,5584.409437919227
34539,5954.271961414807
34540,5954.350628213406
34541,6052.561906870364
34542,5858.7290757239025
34543,5832.404338599906
34544,7110.163504150358
34545,7177.575074693248
34546,6986.654326976926
34547,2900.4054549239604
34548,2562.530791045931
34549,2179.0465226373585
34550,2164.661222824119
34551,1697.7489112122835
34552,1444.8034415875352
34553,1085.9922207470165
34554,1085.9922207470165
34555,1517.5872668000095
34556,853.3118904568861
34557,923.7885144898191
34558,923.7885144898191
34559,830.7575269191112
34560,822.0886264367555
34561,822.0886264367555
34562,822.0886264367555
34563,726.1638196443014
34564,686.5592238451826
34565,686.5592238451826
34566,686.5592238451826
34567,681.5898760746664
34568,686.595832947052
34569,686.595832947052
34570,686.595832947052
34571,681.5898760746664
34572,686.595832947052
34573,686.595832947052
34574,686.595832947052
34575,675.5790094211776
34576,680.5849662935632
34577,680.5849662935632
34578,680.5849662935632
34579,675.5790094211776
34580,680.5849662935632
34581,680.5849662935632
34582,680.5849662935632
34583,675.5790094211776
34584,680.5849662935632
34585,680.5849662935632
34586,680.5849662935632
34587,675.5790094211776
34588,680.8916105645795
34589,680.8916105645795
34590,680.8916105645795
34591,2300.2010705911835
34592,4285.992354909278
34593,8433.317631372742
34594,8543.872813444594
34595,6619.926526060819
34596,8651.340205807697
34597,8399.048230820845
34598,8399.048230820845
34599,8430.885289612903
34600,7040.8912478384655
34601,7039.6179677034015
34602,7039.6179677034015
34603,7169.7419017753655
34604,7243.032850919417
34605,7241.759570784353
34606,7241.759570784353
34607,6433.447431630562
34608,2939.278325547763
34609,2592.578205905408
34610,2592.578205905408
34611,3818.1932186086656
34612,4171.311900489558
34613,6360.420893340146
34614,6360.420893340146
34615,7670.213218613929
34616,7959.419938047374
34617,7976.188883350951
34618,7997.962099386781
34619,7670.213218613929
34620,7933.620619178469
34621,7950.389564482046
34622,7937.255355370496
34623,7613.85070148891
34624,7877.25810205345
34625,7894.027047357027
34626,7880.892838245477
34627,7414.735027359552
34628,6453.828752086574
34629,6313.610170683992
34630,5661.393540022771
34631,5185.170165550177
34632,5187.694500958458
34633,5980.758538962863
34634,5545.190960782413
34635,5899.569196193534
34636,5899.647862992132
34637,5998.43642192926
34638,5804.603590782799
34639,5691.738001839111
34640,6978.946565103168
34641,7046.93541592623
34642,6856.014668209908
34643,2650.541644732958
34644,2344.7374951136003
34645,2074.8076956417426
34646,2060.422395828501
34647,1623.4085741935246
34648,1400.1825091684896
34649,1041.948568608142
34650,1041.948568608142
34651,1446.5398000178218
34652,853.3118904568861
34653,923.7885144898191
34654,923.7885144898191
34655,772.8792562074403
34656,913.05838339773
34657,918.1373622229066
34658,918.1373622229066
34659,865.082690966953
34660,863.3326619571051
34661,868.4116407822817
34662,868.4116407822817
34663,819.5338619219934
34664,863.3326619571051
34665,868.4116407822817
34666,868.4116407822817
34667,819.5338619219934
34668,863.3326619571051
34669,868.4116407822817
34670,868.4116407822817
34671,814.6578129487717
34672,858.4566129838834
34673,863.53559180906
34674,863.53559180906
34675,814.6578129487717
34676,858.4566129838834
34677,863.53559180906
34678,863.53559180906
34679,814.6578129487717
34680,858.4566129838834
34681,863.53559180906
34682,863.53559180906
34683,814.6578129487717
34684,858.4566129838834
34685,863.53559180906
34686,863.53559180906
34687,659.2557646010027
34688,2449.7987516247586
34689,4327.600261077393
34690,4438.155443149242
34691,4833.23086623203
34692,5561.296836761126
34693,5558.883821941103
34694,5558.883821941103
34695,5530.161958741105
34696,5317.915438825403
34697,5315.50242400538
34698,5315.50242400538
34699,5325.953224659743
34700,5325.953224659743
34701,5323.54020983972
34702,5323.54020983972
34703,3939.2745211626498
34704,3727.529627074459
34705,3601.7265945248723
34706,3601.7265945248723
34707,3824.4765066489103
34708,3824.4765066489103
34709,4437.277880738036
34710,4437.277880738036
34711,5071.109231270815
34712,5037.646379549774
34713,5022.45952676645
34714,5022.45952676645
34715,5071.109231270815
34716,5037.646379549774
34717,5022.45952676645
34718,5022.45952676645
34719,5026.535094454268
34720,4993.072242733227
34721,4977.885389949903
34722,4977.885389949903
34723,2593.7901356161
34724,2739.3621883983587
34725,2589.401068978504
34726,2589.401068978504
34727,2339.1405165871283
34728,2339.1405165871283
34729,2493.687515752442
34730,2493.687515752442
34731,2515.5473290853615
34732,2515.5473290853615
34733,2550.3736391018647
34734,2550.3736391018647
34735,2339.2037213188355
34736,2007.2339098388502
34737,2007.2339098388502
34738,2007.2339098388502
34739,1959.978895135121
34740,1772.8565478266526
34741,1557.6439390230628
34742,1557.6439390230628
34743,1109.0733543059257
34744,1022.0803113602851
34745,693.1499558799505
34746,693.1499558799505
34747,1088.5656105166627
34748,760.2197230675116
34749,741.8380478811696
34750,741.8380478811696
34751,863.8490131684149
34752,783.7048818898863
34753,788.7838607150627
34754,788.7838607150627
34755,764.1452027998041
34756,706.5116436347435
34757,711.5906224599202
34758,711.5906224599202
34759,718.5963737548445
34760,706.5116436347435
34761,711.5906224599202
34762,711.5906224599202
34763,719.9269588383595
34764,707.8422287182584
34765,712.9212075434351
34766,712.9212075434351
34767,723.3338060166338
34768,715.8744586892279
34769,720.9534375144046
34770,720.9534375144046
34771,709.5791159929631
34772,702.1197686655572
34773,707.1987474907339
34774,707.1987474907339
34775,709.5791159929631
34776,702.1197686655572
34777,707.1987474907339
34778,707.1987474907339
34779,709.5791159929631
34780,702.1197686655572
34781,707.1987474907339
34782,707.1987474907339
34783,429.9210877155363
34784,2220.4640747392914
34785,2466.6151280760732
34786,2577.170310147923
34787,3101.363218726689
34788,1899.522492376697
34789,1899.522492376697
34790,1899.522492376697
34791,1270.7265082807498
34792,941.8422058603336
34793,941.8422058603336
34794,941.8422058603336
34795,1267.333116733156
34796,1078.6663394014668
34797,1078.6663394014668
34798,1078.6663394014668
34799,1267.333116733156
34800,1288.6140148016261
34801,1288.6140148016261
34802,1288.6140148016261
34803,1526.6140513051532
34804,1547.8949493736234
34805,1547.8949493736234
34806,1547.8949493736234
34807,1526.6140513051532
34808,1547.8949493736234
34809,1547.8949493736234
34810,1547.8949493736234
34811,1526.6140513051532
34812,1546.7056999843703
34813,1546.7056999843703
34814,1546.7056999843703
34815,1531.067278314717
34816,1532.866465593442
34817,1532.866465593442
34818,1532.866465593442
34819,1320.394063757252
34820,1322.193251035977
34821,1322.193251035977
34822,1322.193251035977
34823,1245.1476666584294
34824,1196.5390930950655
34825,1196.5390930950655
34826,1196.5390930950655
34827,1339.338856551217
34828,1306.364996570051
34829,1306.364996570051
34830,1306.364996570051
34831,1405.9547242643325
34832,1366.3766285117113
34833,1366.3766285117113
34834,1366.3766285117113
34835,1402.5838703250959
34836,1363.0057745724746
34837,1363.0057745724746
34838,1363.0057745724746
34839,863.2330418065203
34840,801.902915545164
34841,783.5212403588223
34842,783.5212403588223
34843,781.3903452810466
34844,720.0602190196904
34845,701.6785438333484
34846,701.6785438333484
34847,786.2473796208171
34848,813.5543282064416
34849,818.6333070316177
34850,818.6333070316177
34851,850.9223591749405
34852,754.6604872298584
34853,759.7394660550347
34854,759.7394660550347
34855,805.373530129981
34856,754.6604872298584
34857,759.7394660550347
34858,759.7394660550347
34859,805.5821301591388
34860,754.8690872590163
34861,760.2879320342473
34862,760.2879320342473
34863,806.7169478394057
34864,757.9742197141634
34865,763.3930644893943
34866,763.3930644893943
34867,806.7169478394057
34868,757.9742197141634
34869,763.3930644893943
34870,763.3930644893943
34871,806.7169478394057
34872,757.9742197141634
34873,763.3930644893943
34874,763.3930644893943
34875,806.7169478394057
34876,757.9742197141634
34877,763.3930644893943
34878,763.3930644893943
34879,2300.2010705911835
34880,4285.600659279407
34881,8432.925935742873
34882,8543.481117814725
34883,6619.926526060819
34884,5613.33409700516
34885,7962.416663285912
34886,7962.416663285912
34887,1657.135892745652
34888,1328.2515903252333
34889,1328.2515903252333
34890,1328.2515903252333
34891,1298.8808824098717
34892,1118.441247407508
34893,1118.441247407508
34894,1118.441247407508
34895,1298.8808824098717
34896,1328.3889228076675
34897,1328.3889228076675
34898,1328.3889228076675
34899,1539.2125744973239
34900,1603.7287800565928
34901,1620.3501767323648
34902,1620.3501767323648
34903,1539.2125744973239
34904,1603.7287800565928
34905,1620.3501767323648
34906,1620.3501767323648
34907,1539.2125744973239
34908,1582.9751539052863
34909,1599.5965505810584
34910,1564.6891254336786
34911,1540.5008105950014
34912,1565.9709286024718
34913,1582.5923252782438
34914,1547.684900130864
34915,1464.5852871896923
34916,1490.0554051971626
34917,1506.6768018729347
34918,1458.722754209859
34919,1361.0153782000343
34920,1330.62913458781
34921,1381.098865185286
34922,1388.3249900433004
34923,1455.206568092822
34924,1440.4550380627957
34925,1490.9247686602716
34926,1498.150893518286
34927,1550.6371197072488
34928,1494.2242100198912
34929,1510.8456066956633
34930,1509.8266281946173
34931,1547.266265768012
34932,1490.8533560806545
34933,1507.4747527564266
34934,1506.4557742553807
34935,1104.1937641413635
34936,1045.0661247495982
34937,1043.3058462390275
34938,1042.2868677379813
34939,894.5054283236838
34940,853.3118904568861
34941,923.7885144898191
34942,923.7885144898191
34943,909.304351644395
34944,1036.5435193657474
34945,1041.6224981909238
34946,1041.6224981909238
34947,972.6090807102884
34948,931.0507720939623
34949,936.1297509191387
34950,936.1297509191387
34951,927.0602516653288
34952,931.0507720939623
34953,936.1297509191387
34954,936.1297509191387
34955,927.0602516653288
34956,931.0507720939623
34957,936.1297509191387
34958,936.1297509191387
34959,919.9121731940998
34960,923.9026936227333
34961,928.9816724479094
34962,928.9816724479094
34963,919.9121731940998
34964,923.9026936227333
34965,928.9816724479094
34966,928.9816724479094
34967,919.9121731940998
34968,923.9026936227333
34969,928.9816724479094
34970,928.9816724479094
34971,919.9121731940998
34972,923.9026936227333
34973,928.9816724479094
34974,928.9816724479094
34975,2300.2010705911835
34976,4285.600659279407
34977,8432.925935742873
34978,8543.481117814725
34979,6619.926526060819
34980,5613.33409700516
34981,7962.416663285912
34982,7962.416663285912
34983,1657.135892745652
34984,1328.2515903252333
34985,1328.2515903252333
34986,1328.2515903252333
34987,1298.8808824098717
34988,1118.441247407508
34989,1118.441247407508
34990,1118.441247407508
34991,1298.8808824098717
34992,1328.3889228076675
34993,1328.3889228076675
34994,1328.3889228076675
34995,1539.2125744973239
34996,1603.7287800565928
34997,1620.3501767323648
34998,1620.3501767323648
34999,1539.2125744973239
35000,1603.7287800565928
35001,1620.3501767323648
35002,1620.3501767323648
35003,1539.2125744973239
35004,1582.9751539052863
35005,1599.5965505810584
35006,1564.6891254336786
35007,1540.5008105950014
35008,1565.9709286024718
35009,1582.5923252782438
35010,1547.684900130864
35011,1464.5852871896923
35012,1490.0554051971626
35013,1506.6768018729347
35014,1458.722754209859
35015,1361.0153782000343
35016,1330.62913458781
35017,1381.098865185286
35018,1388.3249900433004
35019,1455.206568092822
35020,1440.4550380627957
35021,1490.9247686602716
35022,1498.150893518286
35023,1550.6371197072488
35024,1494.2242100198912
35025,1510.8456066956633
35026,1509.8266281946173
35027,1547.266265768012
35028,1490.8533560806545
35029,1507.4747527564266
35030,1506.4557742553807
35031,1104.1937641413635
35032,1045.0661247495982
35033,1043.3058462390275
35034,1042.2868677379813
35035,894.5054283236838
35036,853.3118904568861
35037,923.7885144898191
35038,923.7885144898191
35039,1027.9047425260173
